id,category_name,object_code,serial_number,created_at,updated_at,location,repair_date,last_repair_date
2,Silvus 4480 Radio,setyl.it/25FJ1P,SC44-22801,2025-02-18 21:30:24.000628,2025-02-18 21:30:24.000628,RIC,,
3,Silvus 4480 Radio,setyl.it/NN8H4W,SC44-22755,2025-02-18 21:32:23.975470,2025-02-18 21:32:23.975470,RIC,,
4,Silvus 4240 Streamcaster ,setyl.it/DAGZW5,"SC42-44788,B7",2025-02-18 21:35:32.997609,2025-02-18 21:35:32.997609,RIC,,
5,Silvus 4240 Streamcaster ,setyl.it/FQU35A,"SC42-45065,B7",2025-02-18 21:37:53.689564,2025-02-18 21:37:53.689564,RIC,,
6,Silvus 4240 Streamcaster ,setyl.it/PUMLAQ,"SC42-44789,B7",2025-02-18 21:39:36.824118,2025-02-18 21:39:36.824118,RIC,,
7,Silvus Battery,setyl.it/YY7AC1,52601,2025-02-18 21:44:34.277448,2025-02-18 21:44:34.277448,RIC,,
8,Silvus Battery,setyl.it/Y7CATB,52619,2025-02-18 21:45:06.428852,2025-02-18 21:45:06.428852,RIC,,
9,Silvus Battery,setyl.it/R81KJQ,52609,2025-02-18 21:45:45.031269,2025-02-18 21:45:45.031269,RIC,,
10,Silvus Battery,setyl.it/LE1AEL,52604,2025-02-18 21:46:51.080846,2025-02-18 21:46:51.080846,RIC,,
11,Silvus Battery Connector,setyl.it/GV87AN,,2025-02-18 21:56:40.459989,2025-02-18 21:56:40.459989,RIC,,
12,Silvus Antenna S-Band H,setyl.it/B27B5B,NR02523,2025-02-19 19:54:39.323504,2025-02-19 19:54:39.323504,RIC,,
13,Silvus Antenna S-Band H	,setyl.it/11PBKZ,NR02514,2025-02-19 19:56:07.046499,2025-02-19 19:56:07.046499,RIC,,
14,Silvus Antenna S-Band H,setyl.it/BS00QF,NR02515,2025-02-19 19:57:29.125226,2025-02-19 19:57:29.125226,RIC,,
15,Silvus Antenna S-Band H,setyl.it/GKVM9R,NR02516,2025-02-19 19:58:31.260586,2025-02-19 19:58:31.260586,RIC,,
16,Silvus Antenna S-Band V,setyl.it/PATSJ1,NR02016,2025-02-19 19:59:37.008687,2025-02-19 19:59:37.008687,RIC,,
17,Silvus Antenna S-Band V,setyl.it/UEUCJW,NR02026,2025-02-19 20:00:12.729597,2025-02-19 20:00:12.729597,RIC,,
18,Silvus Antenna S-Band V,setyl.it/9Y39LZ,NR02014,2025-02-19 20:01:14.993851,2025-02-19 20:01:14.993851,RIC,,
19,Silvus Antenna S-Band V,setyl.it/JNGHZP,NR02027,2025-02-19 20:01:49.866178,2025-02-19 20:01:49.866178,RIC,,
20,Silvus Antenna S-Band V,setyl.it/0WSZEK,QR02015,2025-02-19 20:02:25.457859,2025-02-19 20:02:25.457859,RIC,,
21,Silvus Battery Connector,setyl.it/PV2H1E,,2025-02-26 18:16:50.697706,2025-02-26 18:16:50.697706,RIC,,
22,Silvus Battery Connector,setyl.it/W73EK0,,2025-02-26 18:17:12.736969,2025-02-26 18:17:12.736969,RIC,,
23,Silvus GPS Device,setyl.it/TN0HZV,,2025-02-26 18:31:34.927415,2025-02-26 18:31:34.927415,RIC,,
24,Silvus GPS Device,setyl.it/NFPJ9L,,2025-02-26 18:31:52.718981,2025-02-26 18:31:52.718981,RIC,,
25,Silvus GPS Device,setyl.it/UA6FTA,,2025-02-26 18:32:06.796346,2025-02-26 18:32:06.796346,RIC,,
26,Cisco Switch- 5 Port,setyl.it/C286LR,PSZ26241DZV,2025-02-26 18:43:35.975080,2025-02-26 18:56:56.610784,RIC,,
27,Netgear Switch- 5 Port,setyl.it/XGVD6H,40B1255CA313D,2025-02-26 18:57:30.854631,2025-02-26 18:57:30.854631,RIC,,
28,Silvus 4240 Streamcaster,setyl.it/W55CKS,"SC42-44790,B7",2025-02-26 19:07:44.047886,2025-02-26 19:07:44.047886,RIC,,
29,Silvus 4240 Streamcaster,setyl.it/NATYMF,"SC42-44792,B7",2025-02-26 19:08:40.594973,2025-02-26 19:08:40.594973,RIC,,
30,Silvus 4480 Radio,setyl.it/0BHQD9,SC44-22785,2025-02-26 20:40:51.356407,2025-02-26 20:40:51.356407,RIC,,
31,Silvus Battery Connector (Single),setyl.it/BTG6CX,,2025-02-26 20:43:07.160607,2025-02-26 20:43:07.160607,RIC,,
32,Intellinet Switch- 8 Port,setyl.it/ALFQRU,F208B10083C04761,2025-02-26 21:39:21.716757,2025-02-26 21:39:21.716757,RIC,,
33,Silvus 4240 Streamcaster,setyl.it/BVP2YT,"SC42-44799,B7",2025-02-26 22:07:19.839160,2025-02-26 22:07:19.839160,RIC,,
34,Silvus 4240 Streamcaster,setyl.it/JMA5YB,"SC42-45066,B7",2025-02-26 22:08:26.991699,2025-02-26 22:08:26.991699,RIC,,
35,Silvus 4240 Streamcaster,setyl.it/BNBEWJ,"SC42-45092,B7",2025-02-26 22:09:33.218142,2025-02-26 22:09:33.218142,RIC,,
36,Silvus 4240 Streamcaster,setyl.it/4BV4UN,"SC42-44802,B7",2025-02-26 22:10:13.141528,2025-02-26 22:10:13.141528,RIC,,
37,Silvus Battery Connector (Single),setyl.it/UQ7GL0,,2025-02-26 22:13:13.754028,2025-02-26 22:13:13.754028,RIC,,
38,Silvus Battery Connector (Single),setyl.it/30FZ3Q,,2025-02-26 22:13:23.849772,2025-02-26 22:13:23.849772,RIC,,
39,Silvus 4480 Radio,setyl.it/VG30FC,SC44-7543,2025-02-27 20:09:19.115105,2025-02-27 20:09:19.115105,RIC,,
40,Silvus 4210 Radio,setyl.it/8DE3DZ,SL42-00053296,2025-02-27 20:17:08.119257,2025-02-27 20:17:08.119257,RIC,,
41,Silvus 4210 Radio,setyl.it/T9HFL1,SL42-00053741,2025-02-27 20:17:55.168896,2025-02-27 20:17:55.168896,RIC,,
42,Silvus 4210 Radio,setyl.it/M20BZY,SL42-00053838,2025-02-27 20:20:07.427549,2025-02-27 20:20:07.427549,RIC,,
43,Silvus 4210 Radio Power Cord,setyl.it/SK2KFR,,2025-02-27 21:54:17.750307,2025-02-27 21:54:17.750307,RIC,,
44,Silvus 4210 Radio Power Cord,setyl.it/0PXLSX,,2025-02-27 21:54:42.137509,2025-02-27 21:54:42.137509,RIC,,
45,Silvus 4210 Radio Power Cord,setyl.it/GFS7NU,,2025-02-27 21:55:10.656202,2025-02-27 21:55:10.656202,RIC,,
46,Echodyne Radar Hub ,setyl.it/7VV6FV,7000005203100,2025-03-04 21:34:26.266217,2025-03-04 21:34:26.266217,RIC,,
47,Cisco 5-port Switch,setyl.it/7S7Z0V,PSZ26241EMP,2025-03-04 21:40:48.438473,2025-03-04 21:40:48.438473,RIC,,
48,Echodyne Keyboard,setyl.it/JGM7TQ,CH072210758,2025-03-04 21:44:02.919807,2025-03-04 21:44:02.919807,RIC,,
49,Cisco 16-port Switch,setyl.it/KCCE1D,PSZ26251EUA,2025-03-04 21:57:46.708429,2025-03-04 21:57:46.708429,RIC,,
50,Cisco 8-port Switch,setyl.it/0W0UFE,DNI26260JJG,2025-03-04 22:00:50.479968,2025-03-04 22:00:50.479968,RIC,,
51,External Seagate Drive- Small 1 TB,setyl.it/B5RP1C,NABKN73M,2025-03-05 20:38:37.097902,2025-03-05 20:38:37.097902,RIC,,
52,External G Drive- 7.68 TB,setyl.it/KCBV7M,A05D8EB6,2025-03-05 20:41:37.603708,2025-03-05 20:41:49.837469,RIC,,
53,External G Drive- 7.68 TB,setyl.it/B5034W,A05D9266,2025-03-05 20:42:06.958270,2025-03-05 20:42:06.958270,RIC,,
54,External Seagate Drive- Large 2 TB,setyl.it/A24Z5P,2GHNW9TC,2025-03-05 20:49:05.808820,2025-03-05 20:49:05.808820,RIC,,
55,Cisco 8-port Switch,setyl.it/UGDXVY,DNI26260JD2,2025-03-05 20:58:57.610199,2025-03-05 20:58:57.610199,RIC,,
56,Axis T8508 10-Port switch,setyl.it/RA8CF3,B8A44F843CB9,2025-03-05 21:35:05.222372,2025-03-05 21:35:05.222372,RIC,,
57,Hand Held Radio (Motorola),setyl.it/VS6DQK,126TYK5396,2025-03-19 16:00:55.572390,2025-03-19 16:00:55.572390,RIC,,
58,Hand Held Radio (Motorola),setyl.it/PXU26F,126TYFC220,2025-03-19 16:01:28.942781,2025-03-19 16:01:28.942781,RIC,,
59,Hand Held Radio (Motorola),setyl.it/3DKVFC,126TYFC195,2025-03-19 16:02:01.379945,2025-03-19 16:02:01.379945,RIC,,
60,Hand Held Radio (Motorola),setyl.it/AT3G76,126TYFC087,2025-03-19 16:02:29.542452,2025-03-19 16:02:29.542452,RIC,,
61,Hand Held Radio (Motorola),setyl.it/XD4V4L,126TYK8680,2025-03-19 16:02:51.203855,2025-03-19 16:02:51.203855,RIC,,
62,Radio Battery (Motorola),setyl.it/CR31M3,5000030ED6E8,2025-03-19 16:04:04.783504,2025-03-19 16:04:04.783504,RIC,,
63,Radio Battery (Motorola),setyl.it/FE30N6,5000032A20FA,2025-03-19 16:04:23.530572,2025-03-19 16:04:23.530572,RIC,,
64,Radio Battery (Motorola),setyl.it/A104UY,500003100FFC,2025-03-19 16:04:35.084009,2025-03-19 16:04:35.084009,RIC,,
65,Radio Battery (Motorola),setyl.it/6CH4MA,5000030E7240,2025-03-19 16:04:50.759195,2025-03-19 16:04:50.759195,RIC,,
66,Radio Battery (Motorola),setyl.it/EPH917,5000033A606B,2025-03-19 16:05:08.283264,2025-03-19 16:05:08.283264,RIC,,
67,Radio Charger (Motorola),setyl.it/UV64RZ,220177007,2025-03-19 16:21:48.910362,2025-03-19 16:21:48.910362,RIC,,
68,Radio Charger (Motorola),setyl.it/YMF5WN,222190763,2025-03-19 16:22:15.000504,2025-03-19 16:22:15.000504,RIC,,
69,Radio Charger (Motorola),setyl.it/X7EE55,220162174,2025-03-19 16:22:32.906905,2025-03-19 16:22:32.906905,RIC,,
70,Radio Charger (Motorola),setyl.it/DJ13EP,220177523,2025-03-19 16:22:56.574453,2025-03-19 16:22:56.574453,RIC,,
71,Radio Charger (Motorola),setyl.it/RCDBJM,220176868,2025-03-19 16:23:26.484936,2025-03-19 16:23:26.484936,RIC,,
72,Radio Battery (Motorola),setyl.it/4JQKB1,5000032A1F26,2025-03-28 19:42:23.850520,2025-03-28 19:42:23.850520,RIC,,
73,Radio Battery (Motorola),setyl.it/TVCE63,5000032A2103,2025-03-28 19:44:22.219092,2025-03-28 19:44:22.219092,RIC,,
74,Radio Battery (Motorola),setyl.it/3XVNVL,500003395F44,2025-03-28 19:49:31.655672,2025-03-28 19:49:31.655672,RIC,,
75,Radio Battery (Motorola),setyl.it/EB2YF2,5000032A1F1C,2025-03-28 19:52:50.439414,2025-03-28 19:52:50.439414,RIC,,
76,Radio Battery (Motorola),setyl.it/WLFGHZ,500003398B39,2025-03-28 19:54:09.767735,2025-03-28 19:54:09.767735,RIC,,
77,Radio Battery (Motorola),setyl.it/CFT48D,5000032C5E6E,2025-03-28 19:54:43.502075,2025-03-28 19:54:43.502075,RIC,,
78,Radio Battery (Motorola),setyl.it/528PXT,5000030E7F53,2025-03-28 19:57:21.369473,2025-03-28 19:57:21.369473,RIC,,
79,Radio Battery (Motorola),setyl.it/G2TFG5,5000030EE896,2025-03-28 20:00:27.768121,2025-03-28 20:00:27.768121,RIC,,
80,Radio Battery (Motorola),setyl.it/1Q5SWR,5000032A32F2,2025-03-28 20:10:43.832960,2025-03-28 20:10:43.832960,RIC,,
81,Radio Battery (Motorola),setyl.it/HBZXQ0,500003102270,2025-03-28 20:11:08.752295,2025-03-28 20:11:08.752295,RIC,,
82,Radio Battery (Motorola),setyl.it/BVJY5R,5000032A2F68,2025-03-28 20:13:18.308973,2025-03-28 20:13:18.308973,RIC,,
83,Radio Battery (Motorola),setyl.it/EC89U8,50000329DE63,2025-03-28 20:14:53.816823,2025-03-28 20:14:53.816823,RIC,,
84,Radio Battery (Motorola),setyl.it/9BPWFL,5000032A1394,2025-03-28 20:15:53.077878,2025-03-28 20:15:53.077878,RIC,,
85,Radio Battery (Motorola),setyl.it/8CCHYP,5000030E80F5,2025-03-28 20:17:10.324699,2025-03-28 20:17:10.324699,RIC,,
86,Radio Battery (Motorola),setyl.it/5HFM1S,5000032AFD5C,2025-03-28 20:17:47.380650,2025-03-28 20:17:47.380650,RIC,,
87,Radio Battery (Motorola),setyl.it/61GBEW,500003022363,2025-03-28 20:18:47.250776,2025-03-28 20:18:47.250776,RIC,,
88,Radio Battery (Motorola),setyl.it/GWPDRM,50000329F898,2025-03-28 20:22:06.747060,2025-03-28 20:22:06.747060,RIC,,
89,Geoelectron Battery Charger (Zenith60),setyl.it/EHBUMD,ZC0121080045,2025-03-31 15:15:11.190363,2025-03-31 15:15:11.190363,RIC,,
90,Huskey 12V Inflator,setyl.it/YL04TM,090122,2025-03-31 15:24:49.420504,2025-03-31 15:24:49.420504,RIC,,
91,Brother Lable Printer,setyl.it/SZPL2Z,,2025-03-31 19:58:02.726144,2025-03-31 19:58:02.726144,RIC,,
92,Fluke Multi-Meter Kit,setyl.it/A27JME,,2025-03-31 20:15:53.814642,2025-03-31 20:15:53.814642,RIC,,
93,FLIR Thermal Monocular,setyl.it/DJF4UC,51160,2025-03-31 20:23:47.600460,2025-03-31 20:23:47.600460,RIC,,
94,Laser Range Finder ,setyl.it/FJFV2P,202169,2025-03-31 20:40:16.055597,2025-03-31 20:49:12.881439,RIC,,
95,Kestrel Anemometer,setyl.it/KJAAQA,2623981,2025-03-31 20:46:06.588271,2025-03-31 20:46:06.588271,RIC,,
96,MicroClipXT Gas Detector,setyl.it/CA62GS,KA421-1176674,2025-03-31 21:07:00.493756,2025-03-31 21:07:00.493756,RIC,,
97,Valve Index VR Headset,setyl.it/9RJERP,HEA8521201R3A,2025-04-01 16:01:02.071680,2025-04-01 16:01:02.071680,RIC,,
98,Yeti 1000 Core GOALzero Battery,setyl.it/ETJX92,36201-01-21D00361,2025-04-01 16:18:49.258453,2025-04-01 16:18:49.258453,RIC,,
99,Amagine Axis Q8752 Camera,setyl.it/C6JPBU,B8A44F5D22CE,2025-04-01 19:27:46.341669,2025-04-01 19:27:46.341669,RIC,,
100,Amagine Axis Q8752 Camera Cable,setyl.it/KFGAH0,,2025-04-01 19:31:09.305311,2025-04-01 19:31:09.305311,RIC,,
101,Bump Helmet,setyl.it/6X32H6,,2025-04-01 19:45:28.477707,2025-04-01 19:45:28.477707,RIC,,
102,Bump Helmet,setyl.it/631P0D,,2025-04-01 19:45:43.570996,2025-04-01 19:45:43.570996,RIC,,
103,Wire Strippers,setyl.it/YHABND,,2025-04-02 14:03:19.103632,2025-04-02 14:03:19.103632,RIC,,
104,Apricorn Drive- 5 TB Windows,setyl.it/JEY357,120800005125,2025-04-02 14:20:03.178925,2025-04-02 14:20:03.178925,RIC,,
105,Apricorn Drive- 128 GB Mac,setyl.it/LVVAXK,116220007832,2025-04-02 14:23:45.217942,2025-04-02 14:23:45.217942,RIC,,
106,Wire Strippers,setyl.it/88SWEC,,2025-04-02 15:39:17.284285,2025-04-02 15:39:17.284285,RIC,,
107,CACI Spectrum Analyzer,setyl.it/J8AJMH,P1A0922934,2025-04-02 21:18:25.525842,2025-04-02 21:18:25.525842,RIC,,
108,CACI Keyboard,setyl.it/WP5AMZ,CN08017NPRC00198B0PPA05,2025-04-09 21:11:34.623830,2025-04-09 21:11:34.623830,RIC,,
109,Yeti 1000 Core GOALzero Battery,setyl.it/CEPTR2,36201-01-21D01945,2025-04-10 21:16:58.654605,2025-04-10 21:17:51.931522,RIC,,
110,Hammer,setyl.it/PD9C64,,2025-05-01 16:11:35.198333,2025-05-01 16:11:35.198333,RIC,,
111,Hand Held Radio (Motorola),setyl.it/RZT4GN,126TYFB562,2025-05-05 15:38:36.474373,2025-05-05 15:38:36.474373,RIC,,
112,Hand Held Radio (Motorola),setyl.it/0UW81J,126TYK8793,2025-05-05 15:39:52.972517,2025-05-05 15:39:52.972517,RIC,,
113,Hand Held Radio (Motorola),setyl.it/F5G2B6,126TYFB956,2025-05-05 15:40:25.522085,2025-05-05 15:40:25.522085,RIC,,
114,Radio Charger (Motorola),setyl.it/QZ5WTN,222370609,2025-05-05 15:46:39.122977,2025-05-05 15:46:39.122977,RIC,,
115,Radio Charger (Motorola),setyl.it/Q70PKV,222242639,2025-05-05 15:47:34.032787,2025-05-05 15:47:34.032787,RIC,,
116,Radio Charger (Motorola),setyl.it/HTM3ZV,220176899,2025-05-05 15:48:06.927043,2025-05-05 15:48:06.927043,RIC,,
117,Silvus Battery,setyl.it/DV3AKY,52582,2025-05-05 16:02:47.035461,2025-05-05 16:02:47.035461,RIC,,
118,Silvus Battery,setyl.it/W1KNJM,52588,2025-05-05 16:03:22.082927,2025-05-05 16:03:22.082927,RIC,,
119,Silvus Battery,setyl.it/8MAW39,52593,2025-05-05 16:04:35.469804,2025-05-05 16:04:35.469804,RIC,,
120,Silvus Battery,setyl.it/Y877YC,52594,2025-05-05 16:05:10.077083,2025-05-05 16:05:10.077083,RIC,,
121,Silvus Battery,setyl.it/7X9XXM,52603,2025-05-05 16:06:38.223277,2025-05-05 16:06:38.223277,RIC,,
122,Silvus Battery,setyl.it/EV8KSC,52606,2025-05-05 16:07:12.456278,2025-05-05 16:07:12.456278,RIC,,
123,Silvus Battery,setyl.it/6DLKSK,52612,2025-05-05 16:08:05.571841,2025-05-05 16:08:05.571841,RIC,,
124,Silvus Battery,setyl.it/9YJ27C,52618,2025-05-05 16:09:06.801161,2025-05-05 16:09:06.801161,RIC,,
125,Silvus Battery,setyl.it/BJEUXU,52621,2025-05-05 16:12:49.407724,2025-05-05 16:12:49.407724,RIC,,
126,Silvus Battery,setyl.it/NAXG3G,52624,2025-05-05 16:13:29.382218,2025-05-05 16:13:29.382218,RIC,,
127,Silvus Battery,setyl.it/FS6SJF,52636,2025-05-05 16:13:51.335969,2025-05-05 16:13:51.335969,RIC,,
128,Silvus Battery,setyl.it/UGMZBC,52637,2025-05-05 16:14:12.456487,2025-05-05 16:14:12.456487,RIC,,
129,Silvus Battery,setyl.it/GNB5U5,52502,2025-05-05 16:14:37.868727,2025-05-05 16:14:37.868727,RIC,,
130,Silvus Battery,setyl.it/GVVEXL,52600,2025-05-05 16:15:39.714959,2025-05-05 16:15:39.714959,RIC,,
131,Silvus Antenna S-Band H,setyl.it/TR77BP,NR02512,2025-05-05 16:19:58.960190,2025-05-05 16:19:58.960190,RIC,,
132,Silvus Antenna S-Band H,setyl.it/FWD08P,NR02520,2025-05-05 16:21:08.676746,2025-05-05 16:21:08.676746,RIC,,
133,Silvus Antenna S-Band H,setyl.it/L7MS9C,NR02526,2025-05-05 16:22:09.495317,2025-05-05 16:22:09.495317,RIC,,
134,Silvus Antenna S-Band H,setyl.it/XBY573,NR02513,2025-05-05 16:22:51.054549,2025-05-05 16:22:51.054549,RIC,,
135,Silvus Antenna S-Band H,setyl.it/739MRQ,NR02525,2025-05-05 16:23:31.759658,2025-05-05 16:23:31.759658,RIC,,
136,Silvus Antenna S-Band H,setyl.it/KRRGD5,NR02521,2025-05-05 16:24:06.503492,2025-05-05 16:24:06.503492,RIC,,
137,Silvus Antenna S-Band H,setyl.it/FJJDB1,NR02519,2025-05-05 16:24:34.760565,2025-05-05 16:24:34.760565,RIC,,
138,Silvus Antenna S-Band V,setyl.it/Z3SZF6,NR02028,2025-05-05 16:59:29.368757,2025-05-05 16:59:29.368757,RIC,,
139,Silvus Antenna S-Band V,setyl.it/PTCELN,NR02018,2025-05-05 16:59:49.912367,2025-05-05 16:59:49.912367,RIC,,
140,Silvus Antenna S-Band V,setyl.it/RW99JF,NR02024,2025-05-05 17:01:07.368935,2025-05-05 17:01:07.368935,RIC,,
141,Silvus Antenna S-Band V,setyl.it/XKNS0Q,NR02013,2025-05-05 17:01:33.681435,2025-05-05 17:01:33.681435,RIC,,
142,Silvus Antenna S-Band V,setyl.it/Y987EN,NR02022,2025-05-05 17:01:59.702029,2025-05-05 17:01:59.702029,RIC,,
143,Silvus Antenna S-Band V,setyl.it/6568UH,NR02017,2025-05-05 17:04:12.859475,2025-05-05 17:04:12.859475,RIC,,
144,Silvus Antenna S-Band V,setyl.it/XNVG7V,NR02021,2025-05-05 17:07:18.623758,2025-05-05 17:07:18.623758,RIC,,
145,ODU Cable,setyl.it/M0JX97,,2025-05-05 17:21:46.205252,2025-05-05 17:21:46.205252,RIC,,
146,Silvus GPS Device + ODU Cable,setyl.it/XM35P7,,2025-05-05 17:39:19.010413,2025-05-05 17:39:19.010413,RIC,,
147,Silvus GPS Device + ODU Cable,setyl.it/P8YTFE,,2025-05-05 17:40:48.996289,2025-05-05 17:40:48.996289,RIC,,
148,Silvus GPS Device + ODU Cable,setyl.it/2XCL5V,,2025-05-05 17:41:04.037856,2025-05-05 17:41:04.037856,RIC,,
149,Silvus GPS Device + ODU Cable	,setyl.it/YM1RC6,,2025-05-05 17:42:02.835629,2025-05-05 17:42:02.835629,RIC,,
150,Silvus GPS Device + ODU Cable,setyl.it/H2PX5M,,2025-05-05 17:42:19.849475,2025-05-05 17:42:19.849475,RIC,,
151,Silvus GPS Device + ODU Cable,setyl.it/AUDRUX,,2025-05-05 17:42:35.981582,2025-05-05 17:42:35.981582,RIC,,
152,Silvus GPS Device + ODU Cable	,setyl.it/TUV42X,,2025-05-05 17:43:00.066503,2025-05-05 17:43:00.066503,RIC,,
153,Silvus GPS Device + ODU Cable,setyl.it/GG1HMQ,,2025-05-05 17:43:18.577617,2025-05-05 17:43:18.577617,RIC,,
154,Silvus GPS Device + ODU Cable,setyl.it/RWGW1N,,2025-05-05 17:44:23.577041,2025-05-05 17:44:23.577041,RIC,,
155,Silvus Power Converter,setyl.it/L6GZS0,GC136Y3866,2025-05-14 19:32:52.836172,2025-05-14 19:32:52.836172,RIC,,
156,Silvus Power Converter,setyl.it/EURL22,,2025-05-14 19:33:25.287151,2025-05-14 19:33:25.287151,RIC,,
157,Silvus Power Converter,setyl.it/0FT951,GC136Y3817,2025-05-14 19:38:05.750700,2025-05-14 19:38:05.750700,RIC,,
158,Silvus Power Converter,setyl.it/FXVKBA,GC29769577,2025-05-14 19:38:26.477312,2025-05-14 19:38:26.477312,RIC,,
159,Skydio Battery,setyl.it/8N8KCY,00972,2025-05-14 19:44:47.496842,2025-05-14 19:44:47.496842,RIC,,
160,Skydio Battery	,setyl.it/PZX2AM,00603,2025-05-14 19:45:06.273393,2025-05-14 19:45:06.273393,RIC,,
161,Skydio Battery,setyl.it/1CZHWB,01163,2025-05-14 19:46:56.027891,2025-05-14 19:46:56.027891,RIC,,
162,Skydio Battery,setyl.it/DZDJTD,01286,2025-05-14 19:47:28.208619,2025-05-14 19:47:28.208619,RIC,,
163,Skydio Battery,setyl.it/E9XQ2P,00235,2025-05-14 19:47:49.398827,2025-05-14 19:47:49.398827,RIC,,
164,Skydio Battery,setyl.it/WVF4WA,01594,2025-05-14 19:48:17.478898,2025-05-14 19:48:17.478898,RIC,,
165,Skydio Battery,setyl.it/P09WKE,00367,2025-05-14 19:48:40.532196,2025-05-14 19:48:40.532196,RIC,,
166,Parasonic Battery,setyl.it/00A95B,MAVC-00196,2025-05-14 19:53:53.826750,2025-05-14 19:53:53.826750,RIC,,
167,Parasonic Battery,setyl.it/4CHYFP,LB3B-01642,2025-05-14 19:54:23.451068,2025-05-14 19:54:23.451068,RIC,,
168,Parasonic Battery,setyl.it/D2HQ11,MAVC-00280,2025-05-14 19:55:14.475928,2025-05-14 19:55:14.475928,RIC,,
169,Parasonic Battery,setyl.it/X2E5SH,LB3B-01625,2025-05-14 19:55:54.650437,2025-05-14 19:55:54.650437,RIC,,
170,Silvus Ethernet Adapter,setyl.it/ES76MQ,RA2CU56105815,2025-05-14 19:59:15.411195,2025-05-14 19:59:15.411195,RIC,,
171,Silvus Ethernet Adapter,setyl.it/ZNW3RJ,RA2CU56105806,2025-05-14 19:59:48.827272,2025-05-14 19:59:48.827272,RIC,,
172,Silvus Ethernet Adapter,setyl.it/X4QYBY,RA2CU56105802,2025-05-14 20:00:48.694804,2025-05-14 20:00:48.694804,RIC,,
173,Silvus Antenna C-Band H (Short),setyl.it/LXHZ3V,NR04014,2025-05-14 20:03:20.007163,2025-05-14 20:03:20.007163,RIC,,
174,Silvus Antenna C-Band H (Short),setyl.it/HMC9BW,NR04004,2025-05-14 20:03:54.665568,2025-05-14 20:03:54.665568,RIC,,
175,Silvus Antenna C-Band H (Short),setyl.it/N89EJT,NR04002,2025-05-14 20:04:31.720597,2025-05-14 20:04:31.720597,RIC,,
176,Silvus Antenna C-Band H (Short),setyl.it/MN3PDC,NR04003,2025-05-14 20:04:57.848018,2025-05-14 20:04:57.848018,RIC,,
177,Silvus Antenna C-Band H (Short),setyl.it/B7A7Y9,NR04011,2025-05-14 20:07:26.727494,2025-05-14 20:07:26.727494,RIC,,
178,Silvus Antenna C-Band H (Short),setyl.it/T5WBHN,NR04008,2025-05-14 20:08:02.861204,2025-05-14 20:08:02.861204,RIC,,
179,Silvus Antenna C-Band H (Short),setyl.it/LY7BTT,NR04005,2025-05-14 20:10:42.517401,2025-05-14 20:10:42.517401,RIC,,
180,Silvus Antenna C-Band H (Short)	,setyl.it/3LSYM3,NR04006,2025-05-14 20:11:06.597953,2025-05-14 20:11:06.597953,RIC,,
181,Silvus Antenna C-Band H (Short)	,setyl.it/2SAR3E,NR04007,2025-05-14 20:11:28.336379,2025-05-14 20:11:28.336379,RIC,,
182,Silvus Antenna C-Band H (Short)	,setyl.it/WMS8K8,NR04000,2025-05-14 20:13:09.263157,2025-05-14 20:13:09.263157,RIC,,
183,Silvus Antenna C-Band H (Short),setyl.it/G93JCB,NR04001,2025-05-14 20:13:40.697028,2025-05-14 20:13:40.697028,RIC,,
184,Silvus Antenna C-Band H (Short),setyl.it/Y5S0XT,NR04010,2025-05-14 20:14:01.604896,2025-05-14 20:14:01.604896,RIC,,
185,Silvus Antenna C-Band H (Short),setyl.it/47WZNF,NR04009,2025-05-14 20:15:32.640609,2025-05-14 20:15:32.640609,RIC,,
186,Silvus Antenna C-Band H (Short)	,setyl.it/VAFE1V,NR04012,2025-05-14 20:16:33.113642,2025-05-14 20:16:33.113642,RIC,,
187,Silvus Antenna C-Band H (Short),setyl.it/0M61ZT,NR04013,2025-05-14 20:17:33.446576,2025-05-14 20:17:33.446576,RIC,,
188,Silvus Antenna C-Band V (Short),setyl.it/7WSZ3K,NR03006,2025-05-14 20:29:01.015148,2025-05-14 20:29:01.015148,RIC,,
189,Silvus Antenna C-Band V (Short),setyl.it/VPXLYH,NR03005,2025-05-14 20:29:20.521179,2025-05-14 20:29:20.521179,RIC,,
190,Silvus Antenna C-Band V (Short),setyl.it/AEGNBS,NR03007,2025-05-14 20:37:36.670209,2025-05-14 20:37:36.670209,RIC,,
191,Silvus Antenna C-Band V (Short),setyl.it/X60GRC,NR03001,2025-05-14 20:39:39.175468,2025-05-14 20:39:39.175468,RIC,,
192,Silvus Antenna C-Band V (Short),setyl.it/RZRWW3,NR03008,2025-05-14 20:41:49.186994,2025-05-14 20:41:49.186994,RIC,,
193,Silvus Antenna C-Band V (Short),setyl.it/C6D2YY,NR03011,2025-05-14 20:44:04.181021,2025-05-14 20:44:04.181021,RIC,,
194,Silvus Antenna C-Band V (Short),setyl.it/DVA4L3,NR03014,2025-05-14 20:47:26.136699,2025-05-14 20:47:26.136699,RIC,,
195,Silvus Antenna C-Band V (Short),setyl.it/KBE329,NR03010,2025-05-14 20:47:43.973394,2025-05-14 20:47:43.973394,RIC,,
196,Silvus Antenna C-Band V (Short),setyl.it/DT5PHK,NR03002,2025-05-14 20:48:04.640537,2025-05-14 20:48:04.640537,RIC,,
197,Silvus Antenna C-Band V (Short),setyl.it/CE5X5T,NR03013,2025-05-14 20:48:27.823530,2025-05-14 20:48:27.823530,RIC,,
198,Silvus Antenna C-Band V (Short),setyl.it/0X379A,NR03009,2025-05-14 20:48:49.011853,2025-05-14 20:48:49.011853,RIC,,
199,Silvus Antenna C-Band V (Short),setyl.it/9QSY56,NR03012,2025-05-14 20:49:06.208832,2025-05-14 20:49:06.208832,RIC,,
200,Silvus Antenna C-Band V (Short),setyl.it/0C2LMF,NR03003,2025-05-14 20:49:26.803255,2025-05-14 20:49:26.803255,RIC,,
201,Silvus Antenna C-Band V (Short),setyl.it/LG48HX,NR03004,2025-05-14 20:49:46.250733,2025-05-14 20:49:46.250733,RIC,,
202,Silvus Antenna C-Band V (Short),setyl.it/DFEHGN,NR03000,2025-05-14 20:50:05.511704,2025-05-14 20:50:05.511704,RIC,,
203,Silvus Antenna S-band V (Long neck),setyl.it/YB1Z97,PR00023,2025-05-14 20:52:00.138599,2025-05-14 20:52:00.138599,RIC,,
204,Silvus Antenna S-band V (Long neck),setyl.it/E80YT1,PR00005,2025-05-14 20:52:16.976842,2025-05-14 20:52:16.976842,RIC,,
205,Silvus Antenna S-band V (Long neck),setyl.it/YSSQD1,PR00009,2025-05-14 20:53:56.486009,2025-05-14 20:54:23.155306,RIC,,
206,Silvus Antenna S-band V (Long neck),setyl.it/3KZ3SV,PR00012,2025-05-14 20:54:45.389904,2025-05-14 20:54:45.389904,RIC,,
207,Silvus Antenna S-band V (Long neck),setyl.it/REX0QP,PR00006,2025-05-14 20:55:07.851896,2025-05-14 20:55:07.851896,RIC,,
208,Silvus Antenna S-band V (Long neck),setyl.it/0N4WBC,PR00016,2025-05-14 20:55:29.159227,2025-05-14 20:55:29.159227,RIC,,
209,Silvus Wifi Dongle,setyl.it/P1EXT8,,2025-05-15 14:35:12.901633,2025-05-15 14:35:12.901633,RIC,,
210,Silvus Wifi Dongle,setyl.it/T5DG87,,2025-05-15 14:37:36.980322,2025-05-15 14:37:36.980322,RIC,,
211,Silvus Wifi Dongle,setyl.it/H106K7,,2025-05-15 14:37:53.650977,2025-05-15 14:37:53.650977,RIC,,
212,Silvus Wifi Dongle,setyl.it/U65HV8,,2025-05-15 14:40:59.057212,2025-05-15 14:40:59.057212,RIC,,
213,Silvus Wifi Dongle,setyl.it/PRY1Q9,,2025-05-15 14:41:23.344168,2025-05-15 14:41:23.344168,RIC,,
214,Silvus Wifi Dongle,setyl.it/Q4RZG5,,2025-05-15 14:41:46.361608,2025-05-15 14:41:46.361608,RIC,,
215,Silvus Wifi Dongle,setyl.it/EN228Y,,2025-05-15 14:42:44.098688,2025-05-15 14:42:44.098688,RIC,,
216,Silvus Wifi Dongle,setyl.it/XWSQD8,,2025-05-15 14:43:55.456109,2025-05-15 14:43:55.456109,RIC,,
217,Silvus Wifi Dongle,setyl.it/WJPDXY,,2025-05-15 14:44:14.681170,2025-05-15 14:44:14.681170,RIC,,
218,Silvus Dual Band, setyl.it/4SD07G,,2025-05-15 15:02:18.832450,2025-05-15 15:02:18.832450,RIC,,
219,Silvus Dual Band,setyl.it/G1DQPH,,2025-05-15 15:02:35.590003,2025-05-15 15:02:35.590003,RIC,,
220,Silvus Dual Band,setyl.it/7KXU4G,,2025-05-15 15:03:23.749286,2025-05-15 15:03:23.749286,RIC,,
221,Silvus Dual Band,setyl.it/ZC6RXH,,2025-05-15 15:06:47.638086,2025-05-15 15:06:47.638086,RIC,,
222,Silvus Dual Band,setyl.it/P1SE4V,,2025-05-15 15:07:05.067411,2025-05-15 15:07:05.067411,RIC,,
223,Silvus Dual Band,setyl.it/XAMSXN,,2025-05-15 15:07:27.518382,2025-05-15 15:07:27.518382,RIC,,
224,Silvus Dual Band,setyl.it/H9CH1D,,2025-05-15 15:07:45.576446,2025-05-15 15:07:45.576446,RIC,,
225,Silvus Dual Band,setyl.it/EUZ5JJ,,2025-05-15 15:08:07.569779,2025-05-15 15:08:07.569779,RIC,,
226,Silvus Dual Band,setyl.it/UHWGNQ,,2025-05-15 15:08:22.527688,2025-05-15 15:08:22.527688,RIC,,
227,Silvus Dual Band,setyl.it/F7C22R,,2025-05-15 15:08:45.271661,2025-05-15 15:08:45.271661,RIC,,
228,Silvus Dual Band,setyl.it/7DWLM6,,2025-05-15 15:10:32.518387,2025-05-15 15:10:32.518387,RIC,,
229,Silvus Dual Band,setyl.it/V2PSLD,,2025-05-15 15:10:51.198066,2025-05-15 15:10:51.198066,RIC,,
230,Silvus RF Coax Gooseneck,setyl.it/N373Q5,,2025-05-15 15:14:15.472742,2025-05-15 15:14:15.472742,RIC,,
231,Silvus RF Coax Gooseneck,setyl.it/U8P3U2,,2025-05-15 15:14:27.191113,2025-05-15 15:14:27.191113,RIC,,
232,Silvus RF Coax Gooseneck,setyl.it/E5M51J,,2025-05-15 15:14:42.178412,2025-05-15 15:14:42.178412,RIC,,
233,Silvus RF Coax Gooseneck,setyl.it/TBS1Q8,,2025-05-15 15:15:08.163489,2025-05-15 15:15:08.163489,RIC,,
234, Silvus RF Coax Gooseneck,setyl.it/MG8E66,,2025-05-15 15:15:28.870123,2025-05-15 15:15:28.870123,RIC,,
235,Silvus RF Coax Gooseneck,setyl.it/AMW23E,,2025-05-15 15:15:40.970201,2025-05-15 15:15:40.970201,RIC,,
236,CACI Keyboard,setyl.it/GSD7ZH,OU77USL2301560,2025-05-15 15:25:05.641537,2025-05-15 15:25:05.641537,RIC,,
237,Dell Rugged Laptop,setyl.it/QJRW4V,FPSRDD3,2025-05-15 15:33:15.348274,2025-06-05 18:27:36.808186,RIC,,
238,Dell Rugged Laptop,setyl.it/8TFY6Z,FQSRDD3,2025-05-15 15:33:52.086989,2025-06-05 18:27:28.005306,RIC,,
239,Dell Rugged Laptop,setyl.it/XNHY4U,BPSRDD3,2025-05-15 15:35:37.889616,2025-06-05 18:27:17.265980,RIC,,
240,Dell Rugged Laptop,setyl.it/FLDLQR,JQSRDD3,2025-05-15 15:36:01.728358,2025-06-05 18:24:31.836667,RIC,,
241,Dell Rugged Laptop,setyl.it/M5ALF2,JPSRDD3,2025-05-15 15:36:22.391818,2025-06-05 18:24:09.874792,RIC,,
242,Binoculars,setyl.it/93GVVE,,2025-05-15 15:44:49.080756,2025-05-15 15:44:49.080756,RIC,,
243,Air Compressor,setyl.it/T4DTWF,,2025-05-27 18:50:13.261906,2025-05-27 18:50:13.261906,RIC,,
244,Dewalt Drill,setyl.it/UHLL7M,,2025-05-27 18:51:12.304398,2025-05-27 18:51:12.304398,RIC,,
245,Dewalt screwdriver bit kit,setyl.it/3QWVY2,,2025-05-27 18:59:31.028231,2025-05-27 18:59:31.028231,RIC,,
246,Binoculars,setyl.it/9E1FRS,,2025-05-27 19:04:47.041820,2025-05-27 19:04:47.041820,RIC,,
247,Binoculars,setyl.it/1DD4YE,,2025-05-27 19:05:34.534461,2025-05-27 19:05:34.534461,RIC,,
248,Radio Battery (Motorola),setyl.it/R8V1WH,50000329EDAB,2025-05-27 19:10:42.854728,2025-05-27 19:10:42.854728,RIC,,
249,Radio Battery (Motorola),setyl.it/F0Y3SJ,50000328BAB0,2025-05-27 19:12:53.438072,2025-05-27 19:12:53.438072,RIC,,
250,Binoculars,setyl.it/434RF1,,2025-05-27 19:23:35.144975,2025-05-27 19:23:35.144975,RIC,,
251,Binoculars,setyl.it/TG9UKF,,2025-05-27 19:23:53.237377,2025-05-27 19:23:53.237377,RIC,,
252,Binoculars,setyl.it/78TSKL,,2025-05-27 19:24:05.750165,2025-05-27 19:24:05.750165,RIC,,
253,Binoculars,setyl.it/XJ7AG6,,2025-05-27 19:24:15.723587,2025-05-27 19:24:15.723587,RIC,,
254,Binoculars,setyl.it/YZZAEJ,,2025-05-27 19:24:31.504563,2025-05-27 19:24:31.504563,RIC,,
255,Binoculars,setyl.it/1HYDLU,,2025-05-27 19:25:11.419369,2025-05-27 19:25:11.419369,RIC,,
256,Parasonic Rugged Laptop,setyl.it/2X5B5S,1ITTC91313,2025-06-05 18:41:45.828355,2025-06-05 18:41:45.828355,RIC,,
257,Axe,setyl.it/DJEAPS,,2025-07-14 17:47:17.983028,2025-07-14 17:47:17.983028,OTA,,
258,Axe,setyl.it/GZREL0,,2025-07-14 17:49:20.941550,2025-07-14 17:49:20.941550,OTA,,
259,Axe,setyl.it/R39EFF,,2025-07-14 17:51:11.779369,2025-07-14 17:51:11.779369,OTA,,
260,Axe,setyl.it/TGZ0QK,,2025-07-14 17:51:35.780409,2025-07-14 17:51:35.780409,OTA,,
261,Axe,setyl.it/CJP4TW,,2025-07-14 17:52:48.166680,2025-07-14 17:52:48.166680,OTA,,
262,2-way loop hoe,setyl.it/JER273,,2025-07-14 17:56:42.435717,2025-07-14 17:56:42.435717,OTA,,
263,Shovel,setyl.it/TZZ42V,,2025-07-14 17:58:17.306003,2025-07-14 17:58:17.306003,OTA,,
264,Shovel,setyl.it/D55H0B,,2025-07-14 17:59:00.843717,2025-07-14 17:59:00.843717,OTA,,
265,Sledgehammer,setyl.it/T4CHFQ,,2025-07-14 18:03:52.485960,2025-07-14 18:03:52.485960,OTA,,
266,Leaf blower,setyl.it/DAM6SM,,2025-07-14 18:07:57.488213,2025-07-14 18:07:57.488213,OTA,,
267,Chainsaw,setyl.it/2N4VJR,,2025-07-14 18:11:35.921671,2025-07-14 18:11:35.921671,OTA,,
268,Dewalt XR Drill,setyl.it/TVRAVM,DBPJNKL,2025-07-14 18:14:47.488685,2025-07-14 18:14:47.488685,OTA,,
269,DeWalt Reciprocating Saw,setyl.it/MUQ6HW,,2025-07-14 18:19:59.111742,2025-07-14 18:19:59.111742,OTA,,
270,DeWalt Circular Saw,setyl.it/XY86P0,,2025-07-14 18:22:32.580482,2025-07-14 18:22:32.580482,OTA,,
271,DeWalt Circular Saw,setyl.it/GKUT2T,,2025-07-14 18:26:23.773372,2025-07-14 18:26:23.773372,OTA,,
272,DeWalt Staple Gun,setyl.it/2CYZH4,,2025-07-14 18:38:40.249798,2025-07-14 18:38:40.249798,OTA,,
273,DeWalt 3000,setyl.it/YBN5UN,2610014410,2025-07-14 18:41:14.629133,2025-07-14 18:41:14.629133,OTA,,
274,DeWalt Impact Driver,setyl.it/DWKWES,,2025-07-14 18:43:46.181882,2025-07-14 18:43:46.181882,OTA,,
275,DeWalt Impact Driver,setyl.it/WTLFNK,,2025-07-14 18:44:11.253576,2025-07-14 18:44:11.253576,OTA,,
276,Ridgid Nail Gun,setyl.it/4P8W9D,,2025-07-14 18:47:59.316583,2025-07-14 18:47:59.316583,OTA,,
277,Small Honda Generator 5K,setyl.it/61DGUA,,2025-07-14 18:48:47.756839,2025-07-14 18:48:47.756839,OTA,,
278,Medium Honda Generator,setyl.it/MVDXCY,,2025-07-14 18:50:23.715434,2025-07-14 18:50:23.715434,OTA,,
279,Dayton 12000 Generator,setyl.it/PCYRTB,40096091,2025-07-14 18:52:31.706745,2025-07-14 18:52:31.706745,OTA,,
280,DeWalt Table Saw,setyl.it/NC8KY7,,2025-07-14 18:54:21.096615,2025-07-14 18:54:21.096615,OTA,,
281,File Kit,setyl.it/3ABQMC,,2025-07-14 18:55:02.506263,2025-07-14 18:55:02.506263,OTA,,
282,Target lifter controller,setyl.it/2M6BX4,,2025-07-14 18:56:39.532460,2025-07-14 18:56:39.532460,OTA,,
283,Target Lifter,setyl.it/ZZF3WB,0001234C,2025-07-14 18:57:33.469613,2025-07-14 18:57:33.469613,OTA,,
284,Target Lifter,setyl.it/VNKF6B,0001234B,2025-07-14 18:58:45.543746,2025-07-14 18:58:45.543746,OTA,,
285,Infantry Target,setyl.it/YBJ32X,,2025-07-14 19:01:06.159821,2025-07-14 19:18:02.456959,OTA,,
286,Infantry Target,setyl.it/MUTB99,,2025-07-14 19:05:38.298629,2025-07-14 19:17:45.106372,OTA,,
287,Infantry Target,setyl.it/ZSR9YT,,2025-07-14 19:06:26.062548,2025-07-14 19:17:32.082456,OTA,,
288,Infantry Target,setyl.it/B4M9XJ,,2025-07-14 19:10:57.302856,2025-07-14 19:17:08.887343,OTA,,
289,Infantry Target,setyl.it/79H48D,,2025-07-14 19:11:50.708443,2025-07-14 19:16:56.370884,OTA,,
290,Infantry Target,setyl.it/YTFE2B,,2025-07-14 19:13:51.206016,2025-07-14 19:16:42.481718,OTA,,
291,Infantry Target,setyl.it/ZHK9FK,,2025-07-14 19:15:15.301418,2025-07-14 19:16:28.820095,OTA,,
292,Infantry Target,setyl.it/LRE8QU,,2025-07-14 19:15:59.006621,2025-07-14 19:16:13.648972,OTA,,
293,Backpack Sprayer,setyl.it/DDL42H,,2025-07-14 19:19:38.354465,2025-07-14 19:19:38.354465,OTA,,
294,Backpack Sprayer,setyl.it/AA8HE4,,2025-07-14 19:20:09.671253,2025-07-14 19:20:09.671253,OTA,,
295,Bucket,setyl.it/X3M6Y9,,2025-07-14 19:34:10.356259,2025-07-14 19:34:10.356259,OTA,,
296,Bucket,setyl.it/0HUNPS,,2025-07-14 19:34:52.840930,2025-07-14 19:34:52.840930,OTA,,
297,Bucket,setyl.it/86U3X0,,2025-07-14 19:35:38.761168,2025-07-14 19:35:38.761168,OTA,,
298,Bucket,setyl.it/0TJZUP,,2025-07-14 19:36:27.227459,2025-07-14 19:36:27.227459,OTA,,
299,SLA1175 Battery,setyl.it/CX54KX,,2025-07-14 19:39:25.138337,2025-07-14 19:39:25.138337,OTA,,
300,SLA1156 Battery,setyl.it/VD0X4F,,2025-07-14 19:43:53.290316,2025-07-14 19:43:53.290316,OTA,,
301,SLA1156 Battery,setyl.it/MKY9TH,,2025-07-14 19:44:32.291784,2025-07-14 19:44:32.291784,OTA,,
302,BB26-525 Battery,setyl.it/PQP0ZB,,2025-07-14 19:46:31.693854,2025-07-14 19:46:31.693854,OTA,,
303,NAPA Battery Charger,setyl.it/2KL33Z,,2025-07-14 19:50:18.922304,2025-07-14 19:50:18.922304,OTA,,
304,Honda WT30X Water Pump,setyl.it/ZF3DGM,,2025-07-14 19:51:15.935006,2025-07-14 19:51:15.935006,OTA,,
305,Keurig Coffee Maker,setyl.it/9BFA30,,2025-07-14 20:54:45.865955,2025-07-14 20:54:45.865955,OTA,,
306,Digital Clock,setyl.it/WWB9BH,,2025-07-14 20:55:39.079603,2025-07-14 20:55:39.079603,OTA,,
307,Digital Clock,setyl.it/38GUPQ,,2025-07-14 20:56:13.175162,2025-07-14 20:56:13.175162,OTA,,
308,Microwave,setyl.it/PUV074,,2025-07-14 20:57:03.891317,2025-07-14 20:57:03.891317,OTA,,
309,CACI Spectrum Analyzer,setyl.it/VD85M8,,2025-07-14 20:57:39.901387,2025-07-14 20:57:39.901387,OTA,,
310,Harness,setyl.it/HWW12X,,2025-07-14 20:58:15.620679,2025-07-14 20:58:15.620679,OTA,,
311,Harness,setyl.it/48FN2S,,2025-07-14 20:58:39.400783,2025-07-14 20:58:39.400783,OTA,,
312,Socket Kit,setyl.it/HW8WP0,,2025-07-14 20:59:37.849197,2025-07-14 20:59:37.849197,OTA,,
313,DeWalt Leaf Blower,setyl.it/HZ71SP,,2025-07-17 18:27:08.289936,2025-07-17 18:27:08.289936,MCC,,
314,Power Strip,setyl.it/KQHKHY,,2025-07-17 19:23:10.893466,2025-07-17 19:23:10.893466,MCC,,
315,Rake,setyl.it/HJDYGG,,2025-07-24 18:30:34.201765,2025-07-24 18:30:34.201765,MCC,,
316,Rake,setyl.it/NKAWXV,,2025-07-24 18:31:55.185003,2025-07-24 18:31:55.185003,MCC,,
317,Square Shovel,setyl.it/6KUNHW,,2025-07-24 18:32:35.086134,2025-07-24 18:32:35.086134,MCC,,
318,Square Shovel,setyl.it/NSXCQV,,2025-07-24 18:33:51.070428,2025-07-24 18:33:51.070428,MCC,,
319,Square Shovel,setyl.it/TJB4EL,,2025-07-24 18:34:16.900505,2025-07-24 18:34:16.900505,MCC,,
320,Square Shovel,setyl.it/Q06PL4,,2025-07-24 18:34:45.667544,2025-07-24 18:34:45.667544,MCC,,
321,Spade Shovel,setyl.it/Y2EMKY,,2025-07-24 18:37:39.650310,2025-07-24 18:37:39.650310,MCC,,
322,Spade Shovel,setyl.it/XJH2GJ,,2025-07-24 18:39:07.474860,2025-07-24 18:39:07.474860,MCC,,
323,Pickaxe,setyl.it/6VP3KM,,2025-07-24 18:39:50.127142,2025-07-24 18:43:22.240238,MCC,,
324,2-way loop hoe,setyl.it/K6ZFYR,,2025-07-24 18:46:34.787249,2025-07-24 18:46:34.787249,MCC,,
325,Axe,setyl.it/61YGMX,,2025-07-24 18:47:59.054175,2025-07-24 18:47:59.054175,MCC,,
326,Tripod,setyl.it/WBAFEH,,2025-07-24 18:48:30.783088,2025-07-24 18:48:30.783088,MCC,,
327,Tripod,setyl.it/0LTDW2,,2025-07-24 18:49:36.811086,2025-07-24 18:49:36.811086,MCC,,
328,DeWalt Drill,setyl.it/8J0G26,,2025-07-24 18:50:23.013117,2025-07-24 18:50:23.013117,MCC,,
329,File Kit,setyl.it/DD86YT,,2025-07-24 18:51:55.775712,2025-07-24 18:51:55.775712,MCC,,
330,DeWalt Reciprocating Saw,setyl.it/FTJKWG,,2025-07-24 18:54:17.808976,2025-07-24 18:54:17.808976,MCC,,
331,DeWalt Reciprocating Saw,setyl.it/JT6DDX,,2025-07-24 18:54:51.834979,2025-07-24 18:54:51.834979,MCC,,
332,Staple Gun,setyl.it/DR5LMJ,,2025-07-24 18:55:49.575070,2025-07-24 18:55:49.575070,MCC,,
333,Hardhat with Headlight,setyl.it/ARLJRK,,2025-07-24 18:59:15.274623,2025-07-24 18:59:15.274623,MCC,,
334,Hardhat with Headlight,setyl.it/JCKFU7,,2025-07-24 19:01:01.599068,2025-07-24 19:01:01.599068,MCC,,
335,Hardhat with Headlight,setyl.it/Z2SNSE,,2025-07-24 19:01:44.576850,2025-07-24 19:01:44.576850,MCC,,
336,Hardhat with Headlight,setyl.it/13PGRE,,2025-07-24 19:02:37.631218,2025-07-24 19:02:37.631218,MCC,,
337,Hardhat with Headlight,setyl.it/SYEXB0,,2025-07-24 19:04:03.935601,2025-07-24 19:04:03.935601,MCC,,
338,Hardhat with Headlight,setyl.it/MMUJ0D,,2025-07-24 19:04:41.972404,2025-07-24 19:04:41.972404,MCC,,
339,Caulk Gun,setyl.it/Y7ZPW8,,2025-07-24 19:07:26.654965,2025-07-24 19:07:26.654965,MCC,,
340,12V Inflator,setyl.it/TACSYS,,2025-07-24 19:08:13.329318,2025-07-24 19:08:13.329318,MCC,,
341,Power Strip,setyl.it/7N0J6Q,,2025-07-24 19:09:09.647975,2025-07-24 19:09:09.647975,MCC,,
342,Bottle Jack,setyl.it/WS5CPY,,2025-07-24 19:12:07.304908,2025-07-24 19:12:07.304908,MCC,,
343,Yeti 1000 Core GOALzero Battery,setyl.it/L8FZ5Z,36201-01-21D00419,2025-07-24 19:32:58.825020,2025-07-24 19:32:58.825020,RIC,,
